{"camera_matrix": [[2282.49174300173, 0.0, 931.7632289616502], [0.0, 2284.6419467736373, 510.9493510224804], [0.0, 0.0, 1.0]], "dist_coeff": [[-0.13535374578579445, 1.375488133693316, -0.001387043598636074, -0.0027547549683641197, -4.189444006210336]]}
